{"config": {"dense_layer_dim": 2048, "autoencoder_depth": 3, "batch_size": 128, "learning_rate": 0.0001, "channels_to_use": [0, 1, 2, 3, 4, 5, 6, 7, 8], "val_split": 0.1, "big_img_size_x": 962, "big_img_size_y": 1250, "save_prefix": "2048_9_", "img_type": "NIR", "cs": 16, "img_size_x": 320, "img_size_y": 416, "model_name": "2025-04-19_12-45-55_musero_autoencoder_NIR", "random_seed": 41453}, "accum_loss": [3.0553449485450983, 1.8696073032915592, 1.3046929351985455, 1.0035245707258582, 0.9625342860817909, 0.7163881538435817, 0.6800826722756028, 0.6085008583031595, 0.5071678506210446, 0.4976593339815736, 0.6180917918682098, 0.6431383588351309, 0.42096360959112644, 0.3813757239840925, 0.37152704736217856, 0.3659590119495988, 0.34923575166612864, 0.37549390783533454, 0.525146302767098, 0.3453993508592248, 0.31640233751386404, 0.28739769849926233, 0.28772675176151097, 0.3019338515587151, 0.3463929872959852, 0.2934763210359961, 0.2623217795044184, 0.2594703130889684, 0.2656694408506155, 0.31725757755339146, 0.27892028051428497, 0.25122453179210424, 0.23126764665357769, 0.23979165847413242, 0.24899365683086216, 0.2569668684154749, 0.23976734094321728, 0.24052055063657463, 0.22804719838313758, 0.3175962739624083, 0.22784016886726022, 0.23775288090109825, 0.23681836761534214, 0.226818123832345, 0.21524723223410547, 0.30357127310708165, 0.23937906743958592, 0.21425577881745994, 0.21168010588735342, 0.21161545836366713, 0.21899770526215434, 0.3471442684531212, 0.23032978712581098, 0.2025888441130519, 0.19811238278634846, 0.20211061532609165, 0.2065861236769706, 0.20772065571509302, 0.2013953842688352, 0.19951665424741805, 0.20173055585473776, 0.2021369559224695, 0.24294087337329984, 0.3917554155923426, 0.22381763882003725, 0.18917692149989307, 0.19086821377277374, 0.19541197828948498, 0.1990694620180875, 0.19174203928560019, 0.19471619348041713, 0.19032662617973983, 0.19221561239100993, 0.20549565646797419, 0.19409028836525977, 0.2564388345927, 0.2119738645851612, 0.19253795430995524, 0.18171784235164523, 0.18570581451058388, 0.19469181052409112, 0.2093028211966157, 0.1937649769242853, 0.18074463168159127, 0.1868054736405611, 0.18532888498157263, 0.18310062121599913, 0.18650220474228263, 0.759364754660055, 0.5354401106014848, 0.32333285128697753, 0.2390473703853786, 0.21039127162657678, 0.1970186848193407, 0.19286940363235772, 0.19046404561959207, 0.1883419998921454, 0.27007790049538016, 0.1779029017779976, 0.1587186825927347], "mean_loss_per_batch": [0.04493154336095733, 0.027494225048405284, 0.019186660811743316, 0.014757714275380267, 0.014154915971791042, 0.010535119909464437, 0.010001215768758865, 0.008948542033869992, 0.007458350744427127, 0.0073185196173760824, 0.009089585174532497, 0.009457917041693102, 0.006190641317516565, 0.00560846652917783, 0.005463633049443802, 0.005381750175729394, 0.0051358198774430685, 0.0055219692328725666, 0.0077227397465749695, 0.005079402218518012, 0.004652975551674471, 0.00422643674263621, 0.0042312757611986905, 0.004440203699392869, 0.005094014519058606, 0.004315828250529354, 0.0038576732280061524, 0.003815739898367182, 0.003906903541920816, 0.004665552611079286, 0.004101768831092426, 0.0036944784087074153, 0.003400994803729084, 0.0035263479187372417, 0.003661671423983267, 0.0037789245355216894, 0.0035259903079884894, 0.0035370669211260974, 0.0033536352703402586, 0.004670533440623651, 0.0033505907186361797, 0.003496365895604386, 0.0034826230531667963, 0.003335560644593309, 0.0031654004740309626, 0.004464283428045318, 0.0035202804035233226, 0.003150820276727352, 0.0031129427336375505, 0.0031119920347598105, 0.0032205544891493287, 0.005105062771369429, 0.0033872027518501613, 0.0029792477075448807, 0.0029134173939168893, 0.002972214931266054, 0.0030380312305436853, 0.003054715525221956, 0.00296169682748287, 0.002934068444814971, 0.0029666258213932022, 0.0029726022929774925, 0.003572659902548527, 0.005761109052828568, 0.003291435865000548, 0.0027820135514690157, 0.0028068854966584373, 0.0028737055630806614, 0.002927492088501287, 0.0028197358718470614, 0.002863473433535546, 0.002798920973231468, 0.0028267001822207343, 0.003021994948058444, 0.0028542689465479378, 0.0037711593322455883, 0.0031172627144876648, 0.0028314405045581654, 0.0026723212110536065, 0.002730967860449763, 0.002863114860648399, 0.003077982664656113, 0.0028494849547689013, 0.0026580092894351657, 0.0027471393182435457, 0.0027254247791407738, 0.002692656194352928, 0.0027426794815041565, 0.01116712874500081, 0.007874119273551246, 0.004754894871867317, 0.003515402505667332, 0.003093989288626129, 0.002897333600284422, 0.002836314759299378, 0.002800941847346942, 0.00276973529253155, 0.0039717338308144145, 0.0026162191437940825, 0.002334098273422569], "mean_loss_per_image": [0.0022465771680478665, 0.0013747112524202642, 0.0009593330405871658, 0.0007378857137690134, 0.0007077457985895521, 0.0005267559954732218, 0.0005000607884379433, 0.0004474271016934996, 0.00037291753722135633, 0.0003659259808688041, 0.00045447925872662485, 0.0004728958520846551, 0.0003095320658758283, 0.0002804233264588915, 0.0002731816524721901, 0.0002690875087864697, 0.0002567909938721534, 0.00027609846164362834, 0.00038613698732874847, 0.0002539701109259006, 0.00023264877758372355, 0.00021132183713181053, 0.00021156378805993454, 0.00022201018496964347, 0.0002547007259529303, 0.0002157914125264677, 0.00019288366140030763, 0.0001907869949183591, 0.0001953451770960408, 0.0002332776305539643, 0.00020508844155462132, 0.00018472392043537077, 0.0001700497401864542, 0.00017631739593686207, 0.00018308357119916334, 0.00018894622677608446, 0.00017629951539942446, 0.00017685334605630488, 0.00016768176351701294, 0.00023352667203118256, 0.000167529535931809, 0.0001748182947802193, 0.0001741311526583398, 0.00016677803222966544, 0.00015827002370154812, 0.00022321417140226592, 0.00017601402017616613, 0.0001575410138363676, 0.00015564713668187754, 0.00015559960173799052, 0.00016102772445746643, 0.00025525313856847147, 0.00016936013759250807, 0.00014896238537724405, 0.00014567086969584445, 0.0001486107465633027, 0.00015190156152718426, 0.0001527357762610978, 0.00014808484137414352, 0.00014670342224074856, 0.0001483312910696601, 0.00014863011464887461, 0.00017863299512742634, 0.0002880554526414284, 0.0001645717932500274, 0.0001391006775734508, 0.00014034427483292187, 0.00014368527815403307, 0.00014637460442506434, 0.00014098679359235308, 0.00014317367167677731, 0.0001399460486615734, 0.00014133500911103671, 0.00015109974740292218, 0.0001427134473273969, 0.00018855796661227943, 0.00015586313572438324, 0.00014157202522790827, 0.00013361606055268033, 0.00013654839302248815, 0.00014315574303241994, 0.00015389913323280566, 0.00014247424773844507, 0.0001329004644717583, 0.00013735696591217727, 0.00013627123895703868, 0.0001346328097176464, 0.0001371339740752078, 0.0005583564372500405, 0.00039370596367756234, 0.00023774474359336586, 0.0001757701252833666, 0.00015469946443130646, 0.0001448666800142211, 0.00014181573796496891, 0.0001400470923673471, 0.0001384867646265775, 0.00019858669154072074, 0.00013081095718970413, 0.00011670491367112845]}